{"stats":{"minecraft:killed":{"minecraft:pig":1},"minecraft:picked_up":{"minecraft:sandstone":37,"minecraft:bone":7,"minecraft:arrow":1,"minecraft:diamond":44,"minecraft:kelp":1,"minecraft:wheat_seeds":2,"minecraft:creeper_spawn_egg":62,"minecraft:porkchop":3,"minecraft:sand":21,"minecraft:sugar_cane":8,"minecraft:dirt":120},"minecraft:killed_by":{"minecraft:creeper":2,"minecraft:skeleton":2},"minecraft:mined":{"minecraft:short_grass":3,"minecraft:diamond_ore":44,"minecraft:kelp_plant":1,"minecraft:sugar_cane":5,"minecraft:kelp":7},"minecraft:used":{"minecraft:creeper_spawn_egg":18,"minecraft:diamond_pickaxe":45,"minecraft:dirt":91,"minecraft:skeleton_spawn_egg":21,"minecraft:diamond_ore":45},"minecraft:custom":{"minecraft:time_since_rest":9938,"minecraft:damage_taken":1077,"minecraft:sprint_one_cm":31206,"minecraft:crouch_one_cm":1544,"minecraft:play_time":81593,"minecraft:walk_one_cm":35760,"minecraft:deaths":7,"minecraft:sneak_time":560,"minecraft:walk_under_water_one_cm":232,"minecraft:mob_kills":1,"minecraft:jump":217,"minecraft:damage_dealt":225,"minecraft:leave_game":14,"minecraft:time_since_death":9861,"minecraft:walk_on_water_one_cm":746,"minecraft:total_world_time":81593,"minecraft:swim_one_cm":10438,"minecraft:fall_one_cm":2568,"minecraft:fly_one_cm":87474}},"DataVersion":3955}