{"stats":{"minecraft:mined":{"minecraft:short_grass":1,"minecraft:diamond_ore":44,"minecraft:kelp_plant":1,"minecraft:kelp":7},"minecraft:picked_up":{"minecraft:sandstone":37,"minecraft:bone":7,"minecraft:arrow":1,"minecraft:diamond":44,"minecraft:kelp":1,"minecraft:creeper_spawn_egg":62,"minecraft:porkchop":3,"minecraft:sand":21,"minecraft:dirt":120},"minecraft:used":{"minecraft:creeper_spawn_egg":18,"minecraft:diamond_pickaxe":45,"minecraft:dirt":91,"minecraft:skeleton_spawn_egg":21,"minecraft:diamond_ore":45},"minecraft:killed_by":{"minecraft:creeper":2,"minecraft:skeleton":2},"minecraft:killed":{"minecraft:pig":1},"minecraft:custom":{"minecraft:time_since_rest":274,"minecraft:damage_taken":1077,"minecraft:sprint_one_cm":23713,"minecraft:crouch_one_cm":1544,"minecraft:play_time":71929,"minecraft:walk_one_cm":29017,"minecraft:deaths":7,"minecraft:sneak_time":560,"minecraft:walk_under_water_one_cm":232,"minecraft:mob_kills":1,"minecraft:jump":185,"minecraft:damage_dealt":225,"minecraft:leave_game":10,"minecraft:walk_on_water_one_cm":299,"minecraft:time_since_death":197,"minecraft:total_world_time":71929,"minecraft:swim_one_cm":10438,"minecraft:fall_one_cm":1523,"minecraft:fly_one_cm":81318}},"DataVersion":3955}