{"stats":{"minecraft:mined":{"minecraft:short_grass":1,"minecraft:diamond_ore":44,"minecraft:kelp_plant":1,"minecraft:kelp":7},"minecraft:picked_up":{"minecraft:sandstone":37,"minecraft:bone":7,"minecraft:arrow":1,"minecraft:diamond":44,"minecraft:kelp":1,"minecraft:creeper_spawn_egg":62,"minecraft:porkchop":3,"minecraft:sand":21,"minecraft:dirt":120},"minecraft:used":{"minecraft:creeper_spawn_egg":6,"minecraft:diamond_pickaxe":45,"minecraft:dirt":91,"minecraft:skeleton_spawn_egg":21,"minecraft:diamond_ore":45},"minecraft:killed_by":{"minecraft:creeper":1,"minecraft:skeleton":2},"minecraft:killed":{"minecraft:pig":1},"minecraft:custom":{"minecraft:time_since_rest":23302,"minecraft:damage_taken":855,"minecraft:sprint_one_cm":21484,"minecraft:crouch_one_cm":1417,"minecraft:play_time":69457,"minecraft:walk_one_cm":26425,"minecraft:deaths":6,"minecraft:sneak_time":485,"minecraft:walk_under_water_one_cm":232,"minecraft:mob_kills":1,"minecraft:jump":175,"minecraft:damage_dealt":130,"minecraft:leave_game":8,"minecraft:walk_on_water_one_cm":299,"minecraft:time_since_death":21419,"minecraft:total_world_time":69457,"minecraft:swim_one_cm":10438,"minecraft:fall_one_cm":1312,"minecraft:fly_one_cm":64096}},"DataVersion":3955}