{"stats":{"minecraft:killed":{"minecraft:pig":1},"minecraft:custom":{"minecraft:jump":78,"minecraft:time_since_rest":37461,"minecraft:crouch_one_cm":428,"minecraft:damage_dealt":100,"minecraft:play_time":37461,"minecraft:leave_game":2,"minecraft:sprint_one_cm":9970,"minecraft:time_since_death":37461,"minecraft:walk_one_cm":11532,"minecraft:sneak_time":134,"minecraft:total_world_time":37461,"minecraft:mob_kills":1,"minecraft:fall_one_cm":836,"minecraft:fly_one_cm":26974},"minecraft:used":{"minecraft:diamond_pickaxe":22,"minecraft:diamond_ore":21},"minecraft:picked_up":{"minecraft:porkchop":3,"minecraft:diamond":21},"minecraft:mined":{"minecraft:short_grass":1,"minecraft:diamond_ore":21}},"DataVersion":3955}