{"stats":{"minecraft:mined":{"minecraft:short_grass":1,"minecraft:diamond_ore":44,"minecraft:kelp_plant":1,"minecraft:kelp":7},"minecraft:picked_up":{"minecraft:sandstone":37,"minecraft:bone":7,"minecraft:arrow":1,"minecraft:diamond":44,"minecraft:kelp":1,"minecraft:creeper_spawn_egg":62,"minecraft:porkchop":3,"minecraft:sand":21,"minecraft:dirt":120},"minecraft:used":{"minecraft:dirt":90,"minecraft:creeper_spawn_egg":6,"minecraft:diamond_pickaxe":45,"minecraft:skeleton_spawn_egg":21,"minecraft:diamond_ore":45},"minecraft:killed_by":{"minecraft:skeleton":2,"minecraft:creeper":1},"minecraft:killed":{"minecraft:pig":1},"minecraft:custom":{"minecraft:time_since_rest":5322,"minecraft:damage_taken":855,"minecraft:sprint_one_cm":19338,"minecraft:crouch_one_cm":1380,"minecraft:play_time":51477,"minecraft:walk_one_cm":25891,"minecraft:deaths":6,"minecraft:sneak_time":444,"minecraft:walk_under_water_one_cm":79,"minecraft:mob_kills":1,"minecraft:jump":166,"minecraft:damage_dealt":130,"minecraft:leave_game":8,"minecraft:walk_on_water_one_cm":149,"minecraft:time_since_death":3439,"minecraft:total_world_time":51477,"minecraft:swim_one_cm":9111,"minecraft:fall_one_cm":1312,"minecraft:fly_one_cm":60853}},"DataVersion":3955}