{"stats":{"minecraft:custom":{"minecraft:time_since_rest":6973,"minecraft:play_time":6973,"minecraft:sprint_one_cm":12777,"minecraft:damage_taken":30,"minecraft:walk_one_cm":3497,"minecraft:walk_under_water_one_cm":172,"minecraft:mob_kills":4,"minecraft:jump":38,"minecraft:damage_dealt":400,"minecraft:leave_game":1,"minecraft:walk_on_water_one_cm":388,"minecraft:time_since_death":6973,"minecraft:total_world_time":6973,"minecraft:fall_one_cm":1196,"minecraft:fly_one_cm":5702},"minecraft:picked_up":{"minecraft:leather":6,"minecraft:wheat_seeds":2,"minecraft:beef":9,"minecraft:dirt":8},"minecraft:killed":{"minecraft:cow":4},"minecraft:mined":{"minecraft:short_grass":10,"minecraft:grass_block":8},"minecraft:used":{"minecraft:stone_axe":11,"minecraft:dirt":8,"minecraft:stone_sword":8,"minecraft:stone_shovel":6}},"DataVersion":3953}