{"stats":{"minecraft:picked_up":{"minecraft:mutton":1,"minecraft:wheat_seeds":9,"minecraft:white_wool":1},"minecraft:used":{"minecraft:stone_sword":20},"minecraft:custom":{"minecraft:jump":94,"minecraft:time_since_rest":10668,"minecraft:damage_dealt":90,"minecraft:leave_game":8,"minecraft:sprint_one_cm":21142,"minecraft:play_time":10668,"minecraft:damage_taken":45,"minecraft:time_since_death":10668,"minecraft:walk_one_cm":5770,"minecraft:sneak_time":47,"minecraft:total_world_time":10668,"minecraft:mob_kills":1,"minecraft:fall_one_cm":2454,"minecraft:fly_one_cm":29954},"minecraft:killed":{"minecraft:sheep":1},"minecraft:mined":{"minecraft:short_grass":86,"minecraft:tall_grass":4}},"DataVersion":3953}