{"stats":{"minecraft:custom":{"minecraft:time_since_rest":4437,"minecraft:crouch_one_cm":1163,"minecraft:play_time":35431,"minecraft:sprint_one_cm":16946,"minecraft:damage_taken":310,"minecraft:deaths":1,"minecraft:walk_one_cm":9666,"minecraft:sneak_time":318,"minecraft:walk_under_water_one_cm":172,"minecraft:mob_kills":4,"minecraft:jump":117,"minecraft:damage_dealt":400,"minecraft:leave_game":3,"minecraft:walk_on_water_one_cm":388,"minecraft:time_since_death":4410,"minecraft:climb_one_cm":64,"minecraft:total_world_time":35431,"minecraft:fall_one_cm":4530,"minecraft:fly_one_cm":51833},"minecraft:picked_up":{"minecraft:leather":6,"minecraft:wheat_seeds":2,"minecraft:beef":9,"minecraft:dirt":8},"minecraft:killed":{"minecraft:cow":4},"minecraft:mined":{"minecraft:short_grass":10,"minecraft:grass_block":8},"minecraft:used":{"minecraft:stone_axe":11,"minecraft:stone_sword":8,"minecraft:dirt":8,"minecraft:stone_shovel":6}},"DataVersion":3953}